{"v":"4.8.0","meta":{"g":"LottieFiles AE ","a":"","k":"","d":"","tc":""},"fr":30.0095672607422,"ip":0,"op":99.9985580164685,"w":1080,"h":1080,"nm":"file not found","ddd":0,"assets":[],"layers":[{"ddd":0,"ind":1,"ty":4,"nm":"Layer 2","sr":1,"ks":{"o":{"a":0,"k":100,"ix":11},"r":{"a":1,"k":[{"i":{"x":[0.031],"y":[1]},"o":{"x":[1],"y":[0]},"t":0,"s":[0]},{"t":79.9988464131748,"s":[1080]}],"ix":10},"p":{"a":0,"k":[539.996,622.45,0],"ix":2},"a":{"a":0,"k":[0,0,0],"ix":1},"s":{"a":0,"k":[100,100,100],"ix":6}},"ao":0,"shapes":[{"ty":"gr","it":[{"ind":0,"ty":"sh","ix":1,"ks":{"a":0,"k":{"i":[[7.731,-7.731],[0,0],[0,0],[10.933,0],[7.731,-7.731],[0,-10.933],[-7.731,-7.731],[0,0],[0,0],[0,-10.934],[-7.731,-7.731],[-10.934,0],[-7.731,7.731],[0,0],[0,0],[-10.934,0],[-7.731,7.731],[0,10.933],[7.731,7.731],[0,0],[0,0],[0,10.934],[7.731,7.731],[10.934,0]],"o":[[0,0],[0,0],[-7.731,-7.731],[-10.934,0],[-7.731,7.731],[0,10.934],[0,0],[0,0],[-7.731,7.731],[0,10.933],[7.731,7.731],[10.933,0],[0,0],[0,0],[7.731,7.731],[10.934,0],[7.731,-7.731],[0,-10.934],[0,0],[0,0],[7.731,-7.731],[0,-10.933],[-7.731,-7.731],[-10.934,0]],"v":[[29.15,-87.449],[0,-58.3],[-29.15,-87.449],[-58.299,-99.523],[-87.449,-87.449],[-99.524,-58.3],[-87.449,-29.15],[-58.299,0],[-87.449,29.15],[-99.524,58.3],[-87.449,87.449],[-58.299,99.523],[-29.15,87.449],[0,58.3],[29.15,87.449],[58.299,99.523],[87.449,87.449],[99.524,58.3],[87.449,29.15],[58.299,0],[87.449,-29.15],[99.524,-58.3],[87.449,-87.449],[58.299,-99.523]],"c":true},"ix":2},"nm":"Path 1","mn":"ADBE Vector Shape - Group","hd":false},{"ty":"fl","c":{"a":0,"k":[0.992156863213,0.439215689898,0.439215689898,1],"ix":4},"o":{"a":0,"k":100,"ix":5},"r":1,"bm":0,"nm":"Fill 1","mn":"ADBE Vector Graphic - Fill","hd":false},{"ty":"tr","p":{"a":0,"k":[0,0],"ix":2},"a":{"a":0,"k":[0,0],"ix":1},"s":{"a":0,"k":[100,100],"ix":3},"r":{"a":0,"k":0,"ix":6},"o":{"a":0,"k":100,"ix":7},"sk":{"a":0,"k":0,"ix":4},"sa":{"a":0,"k":0,"ix":5},"nm":"Transform"}],"nm":"Group 1","np":2,"cix":2,"bm":0,"ix":1,"mn":"ADBE Vector Group","hd":false}],"ip":0,"op":99.9985580164685,"st":0,"bm":0},{"ddd":0,"ind":2,"ty":4,"nm":"Layer 1","sr":1,"ks":{"o":{"a":0,"k":100,"ix":11},"r":{"a":0,"k":0,"ix":10},"p":{"a":1,"k":[{"i":{"x":0.667,"y":0.667},"o":{"x":0.167,"y":0.167},"t":0,"s":[540,540,0],"to":[0,0,0],"ti":[0,0,0]},{"i":{"x":0.667,"y":1},"o":{"x":0.333,"y":0},"t":49.999,"s":[540,540,0],"to":[8.333,0,0],"ti":[8.333,0,0]},{"i":{"x":0.667,"y":1},"o":{"x":0.333,"y":0},"t":54.999,"s":[590,540,0],"to":[-8.333,0,0],"ti":[0,0,0]},{"i":{"x":0.667,"y":1},"o":{"x":0.333,"y":0},"t":59.999,"s":[490,540,0],"to":[0,0,0],"ti":[0,0,0]},{"i":{"x":0.667,"y":1},"o":{"x":0.333,"y":0},"t":64.999,"s":[590,540,0],"to":[0,0,0],"ti":[8.333,0,0]},{"i":{"x":0.667,"y":1},"o":{"x":0.333,"y":0},"t":69.999,"s":[490,540,0],"to":[-8.333,0,0],"ti":[-8.333,0,0]},{"t":74.9989185123514,"s":[540,540,0]}],"ix":2},"a":{"a":0,"k":[0,0,0],"ix":1},"s":{"a":0,"k":[100,100,100],"ix":6}},"ao":0,"ef":[{"ty":34,"nm":"Puppet","np":6,"mn":"ADBE FreePin3","ix":1,"en":1,"ef":[{"ty":7,"nm":"Puppet Engine","mn":"ADBE FreePin3 Puppet Engine","ix":1,"v":{"a":0,"k":2,"ix":1}},{"ty":0,"nm":"Mesh Rotation Refinement","mn":"ADBE FreePin3 Auto Rotate Pins","ix":2,"v":{"a":0,"k":20,"ix":2}},{"ty":7,"nm":"On Transparent","mn":"ADBE FreePin3 On Transparent","ix":3,"v":{"a":0,"k":0,"ix":3}},{"ty":30.0095672607422,"nm":"arap","np":3,"mn":"ADBE FreePin3 ARAP Group","ix":4,"en":1,"ef":[{"ty":6,"nm":"Auto-traced Shapes","mn":"ADBE FreePin3 Outlines","ix":1,"v":0},{"ty":1,"nm":"Mesh","np":2,"mn":"ADBE FreePin3 Mesh Group","ix":2,"en":1,"ef":[{"nm":"Mesh 1","np":8,"mn":"ADBE FreePin3 Mesh Atom","ix":1,"en":1,"ef":[{"ty":6,"nm":"Mesh","mn":"ADBE FreePin3 Mesh","ix":1,"v":0},{"ty":0,"nm":"Triangles","mn":"ADBE FreePin3 Mesh Tri Count","ix":2,"v":{"a":0,"k":50,"ix":2}},{"ty":0,"nm":"Density","mn":"ADBE FreePin3 Mesh Tri Density","ix":3,"v":{"a":0,"k":10,"ix":3}},{"ty":0,"nm":"Expansion","mn":"ADBE FreePin3 Mesh Expansion","ix":4,"v":{"a":0,"k":3,"ix":4}},{"nm":"Deform","np":1,"mn":"ADBE FreePin3 PosPins","ix":5,"en":1,"ef":[]},{"nm":"Overlap","np":1,"mn":"ADBE FreePin3 HghtPins","ix":6,"en":1,"ef":[]},{"nm":"Stiffness","np":1,"mn":"ADBE FreePin3 StarchPins","ix":7,"en":1,"ef":[]}]}]}]}]}],"shapes":[{"ty":"gr","it":[{"ind":0,"ty":"sh","ix":1,"ks":{"a":0,"k":{"i":[[2.87,0.167],[0,0],[2.715,0.946],[2.145,1.914],[1.247,2.591],[0.158,2.871],[0,0],[-1.246,2.59],[-2.144,1.915],[-2.716,0.946],[-2.87,-0.167],[0,0],[0,0],[-20.93,-22.012],[-30.362,-0.864],[0,0],[0,0],[1.247,-2.59],[2.145,-1.915],[2.715,-0.947]],"o":[[0,0],[-2.87,0.167],[-2.716,-0.947],[-2.144,-1.915],[-1.246,-2.59],[0,0],[0.158,-2.87],[1.247,-2.591],[2.145,-1.914],[2.715,-0.946],[0,0],[0,0],[-0.665,30.367],[20.93,22.012],[0,0],[0,0],[-0.157,2.871],[-1.247,2.591],[-2.145,1.914],[-2.715,0.946]],"v":[[224.258,329.792],[-224.258,329.792],[-232.719,328.612],[-240.081,324.279],[-245.217,317.453],[-247.345,309.18],[-247.345,-309.18],[-245.217,-317.453],[-240.081,-324.278],[-232.719,-328.612],[-224.258,-329.792],[0,-329.792],[0,-199.936],[31.638,-118.162],[111.717,-82.448],[247.344,-82.448],[247.344,309.18],[245.216,317.453],[240.08,324.279],[232.719,328.612]],"c":true},"ix":2},"nm":"Path 1","mn":"ADBE Vector Shape - Group","hd":false},{"ind":1,"ty":"sh","ix":2,"ks":{"a":0,"k":{"i":[[0,0],[0,0],[0,0],[3.88,1.91],[2.839,3.261],[1.357,4.106],[-0.336,4.312]],"o":[[0,0],[0,0],[-4.317,-0.261],[-3.88,-1.91],[-2.84,-3.262],[-1.357,-4.107],[0,0]],"v":[[82.448,-288.568],[195.401,-164.896],[112.954,-164.896],[100.534,-168.184],[90.353,-176.019],[83.995,-187.182],[82.448,-199.936]],"c":true},"ix":2},"nm":"Path 2","mn":"ADBE Vector Shape - Group","hd":false},{"ind":2,"ty":"sh","ix":3,"ks":{"a":0,"k":{"i":[[0,0],[0,0],[5.254,2.343],[5.753,0.014],[0,0],[12.716,-5.091],[9.801,-9.57],[5.391,-12.592],[0.161,-13.696],[0,0],[-5.391,-12.593],[-9.8,-9.57],[-12.716,-5.091],[-13.697,0.163],[0,0],[-12.716,5.091],[-9.8,9.57],[-5.391,12.592],[-0.162,13.697],[0,0],[6.872,7.56]],"o":[[0,0],[-3.855,-4.271],[-5.254,-2.343],[0,0],[-13.697,-0.163],[-12.716,5.091],[-9.8,9.57],[-5.391,12.593],[0,0],[0.161,13.697],[5.391,12.592],[9.801,9.57],[12.716,5.091],[0,0],[13.697,0.163],[12.716,-5.091],[9.8,-9.57],[5.391,-12.593],[0,0],[-0.027,-10.216],[0,0]],"v":[[319.073,-151.292],[94.815,-398.636],[81.002,-408.666],[64.309,-412.24],[-224.258,-412.24],[-264.267,-404.776],[-298.373,-382.569],[-321.382,-349],[-329.792,-309.18],[-329.792,309.18],[-321.382,349],[-298.373,382.569],[-264.267,404.776],[-224.258,412.24],[224.258,412.24],[264.266,404.776],[298.372,382.569],[321.381,349],[329.792,309.18],[329.792,-123.672],[319.073,-151.292]],"c":true},"ix":2},"nm":"Path 3","mn":"ADBE Vector Shape - Group","hd":false},{"ty":"fl","c":{"a":0,"k":[0.992156863213,0.439215689898,0.439215689898,1],"ix":4},"o":{"a":0,"k":100,"ix":5},"r":1,"bm":0,"nm":"Fill 1","mn":"ADBE Vector Graphic - Fill","hd":false},{"ty":"tr","p":{"a":0,"k":[0,0],"ix":2},"a":{"a":0,"k":[0,0],"ix":1},"s":{"a":0,"k":[100,100],"ix":3},"r":{"a":0,"k":0,"ix":6},"o":{"a":0,"k":100,"ix":7},"sk":{"a":0,"k":0,"ix":4},"sa":{"a":0,"k":0,"ix":5},"nm":"Transform"}],"nm":"Group 1","np":4,"cix":2,"bm":0,"ix":1,"mn":"ADBE Vector Group","hd":false}],"ip":0,"op":99.9985580164685,"st":0,"bm":0}],"markers":[]}